[
  {
    "fax": "",
    "court_code": "34",
    "name": "Attleboro District Court",
    "phone": "(508) 222-5900 ",
    "has_po_box": false,
    "location": {
      "latitude": 41.946249,
      "longitude": -71.287488
    },
    "address": {
      "city": "Attleboro",
      "zip": "02703",
      "orig_address": "88 North Main St., Attleboro, MA 02703",
      "county": "Bristol County",
      "state": "MA",
      "address": "88 North Main St."
    },
    "description": "The Attleboro District Court serves Attleboro, Mansfield, North Attleboro, and Norton."
  },
  {
    "fax": "(978) 772-5345",
    "court_code": "48",
    "name": "Ayer District Court",
    "phone": "(978) 772-2100",
    "has_po_box": false,
    "location": {
      "latitude": 42.557374,
      "longitude": -71.583402
    },
    "address": {
      "city": "Ayer",
      "zip": "01432",
      "orig_address": "25 East Main St., Ayer, MA 01432",
      "county": "Middlesex County",
      "state": "MA",
      "address": "25 East Main St."
    },
    "description": "The Ayer District Court serves Ashby, Ayer, Boxborough, Dunstable, Groton, Littleton, Pepperell, Shirley, Townsend, Westford, and Devens Regional Enterprise Zone."
  },
  {
    "fax": "",
    "court_code": "25",
    "name": "Barnstable District Court",
    "phone": "(508) 375-6778",
    "has_po_box": true,
    "location": {
      "latitude": 41.700346,
      "longitude": -70.304021
    },
    "address": {
      "city": "Barnstable",
      "zip": "02630",
      "orig_address": "3195 Main St., P.O. Box 398, Barnstable, MA 02630",
      "county": "Barnstable County",
      "state": "MA",
      "address": "3195 Main St., P.O. Box 398"
    },
    "description": "The Barnstable District Court serves Barnstable, Yarmouth, and Sandwich."
  },
  {
    "fax": "(508) 587-6791",
    "court_code": "15",
    "name": "Brockton District Court",
    "phone": "(508) 587-8000",
    "has_po_box": false,
    "location": {
      "latitude": 42.081684,
      "longitude": -71.020647
    },
    "address": {
      "city": "Brockton",
      "zip": "02301",
      "orig_address": "215 Main St., Brockton, MA 02301",
      "county": "Plymouth County",
      "state": "MA",
      "address": "215 Main St."
    },
    "description": "This court serves Abington, Bridgewater, Brockton, East Bridgewater, West Bridgewater, and Whitman."
  },
  {
    "fax": "",
    "court_code": "09",
    "name": "Brookline District Court",
    "phone": "(617) 232-4660",
    "has_po_box": false,
    "location": {
      "latitude": 42.333926,
      "longitude": -71.121861
    },
    "address": {
      "city": "Brookline",
      "zip": "02445",
      "orig_address": "360 Washington St., Brookline, MA 02445",
      "county": "Norfolk County",
      "state": "MA",
      "address": "360 Washington St."
    },
    "description": "The Brookline District Court serves the town of Brookline. As of March 1, 2019, this location is also the interim location for the Brighton Division of the Boston Municipal Court while the Brighton courthouse undergoes renovations. "
  },
  {
    "fax": "(781) 395-2035",
    "court_code": "52",
    "name": "Cambridge District Court",
    "phone": "(781) 306-2715",
    "has_po_box": false,
    "location": {
      "latitude": 42.404818,
      "longitude": -71.087248
    },
    "address": {
      "city": "Medford",
      "zip": "02155",
      "orig_address": "4040 Mystic Valley Parkway, Medford, MA 02155",
      "county": "Middlesex County",
      "state": "MA",
      "address": "4040 Mystic Valley Parkway"
    },
    "description": "The Cambridge District Court, also known as Third District Court, serves Cambridge, Arlington, and Belmont."
  },
  {
    "fax": "(617) 660-9215",
    "court_code": "14",
    "name": "Chelsea District Court",
    "phone": "(617) 660-9200",
    "has_po_box": false,
    "location": {
      "latitude": 42.388954,
      "longitude": -71.041463
    },
    "address": {
      "city": "Chelsea",
      "zip": "02150",
      "orig_address": "120 Broadway, Chelsea, MA 02150",
      "county": "Suffolk County",
      "state": "MA",
      "address": "120 Broadway"
    },
    "description": "This court serves Chelsea and Revere."
  },
  {
    "fax": "(413) 594-6187",
    "court_code": "20",
    "name": "Chicopee District Court",
    "phone": "(413) 598-0099",
    "has_po_box": false,
    "location": {
      "latitude": 42.157469,
      "longitude": -72.583695
    },
    "address": {
      "city": "Chicopee",
      "zip": "01020",
      "orig_address": "30 Church St., Chicopee, MA 01020",
      "county": "Hampden County",
      "state": "MA",
      "address": "30 Church St."
    },
    "description": "This court serves Chicopee."
  },
  {
    "fax": "(978) 368-7827",
    "court_code": "68",
    "name": "Clinton District Court",
    "phone": "(978) 368-7811",
    "has_po_box": false,
    "location": {
      "latitude": 42.399335,
      "longitude": -71.686802
    },
    "address": {
      "city": "Clinton",
      "zip": "01510",
      "orig_address": "300 Boylston St., Clinton, MA 01510",
      "county": "Worcester County",
      "state": "MA",
      "address": "300 Boylston St."
    },
    "description": "This court serves Berlin, Bolton, Boylston, Clinton, Harvard, Lancaster, Sterling, and West Boylston."
  },
  {
    "fax": "(978) 371-2945",
    "court_code": "47",
    "name": "Concord District Court",
    "phone": "(978) 369-0500",
    "has_po_box": false,
    "location": {
      "latitude": 42.453921,
      "longitude": -71.343053
    },
    "address": {
      "city": "Concord",
      "zip": "01742",
      "orig_address": "305 Walden St., Concord, MA 01742",
      "county": "Middlesex County",
      "state": "MA",
      "address": "305 Walden St."
    },
    "description": "This court serves Concord, Carlisle, Lincoln, Lexington, Bedford, Acton, Maynard, and Stow."
  },
  {
    "fax": "",
    "court_code": "54",
    "name": "Dedham District Court",
    "phone": "(781) 329-4777",
    "has_po_box": false,
    "location": {
      "latitude": 42.248991,
      "longitude": -71.175107
    },
    "address": {
      "city": "Dedham",
      "zip": "02026",
      "orig_address": "631 High St., Dedham, MA 02026",
      "county": "Norfolk County",
      "state": "MA",
      "address": "631 High St."
    },
    "description": "This court serves Dedham, Dover, Medfield, Needham, Norwood, Wellesley, and Westwood."
  },
  {
    "fax": "",
    "court_code": "64",
    "name": "Dudley District Court",
    "phone": "(508) 943-7123",
    "has_po_box": false,
    "location": {
      "latitude": 42.034256,
      "longitude": -71.923491
    },
    "address": {
      "city": "Dudley",
      "zip": "01571",
      "orig_address": "279 West Main St., Dudley, MA 01571",
      "county": "Worcester County",
      "state": "MA",
      "address": "279 West Main St."
    },
    "description": "This court serves Charlton, Dudley, Oxford, Southbridge, Sturbridge, and Webster."
  },
  {
    "fax": "(508) 885-7623",
    "court_code": "69",
    "name": "East Brookfield District Court",
    "phone": "(508) 885-6305",
    "has_po_box": false,
    "location": {
      "latitude": 42.232418,
      "longitude": -72.030788
    },
    "address": {
      "city": "East Brookfield",
      "zip": "01515",
      "orig_address": "544 East Main St., East Brookfield, MA 01515",
      "county": "Worcester County",
      "state": "MA",
      "address": "544 East Main St."
    },
    "description": "This court serves Barre, Brookfield, East Brookfield, Hardwick, Leicester, New Braintree, North Brookfield, Oakham, Paxton, Rutland, Spencer, Warren, and West Brookfield."
  },
  {
    "fax": "(413) 323-6803",
    "court_code": "98",
    "name": "Eastern Hampshire District Court",
    "phone": "(413) 323-4056",
    "has_po_box": false,
    "location": {
      "latitude": 42.267408,
      "longitude": -72.420881
    },
    "address": {
      "city": "Belchertown",
      "zip": "01007",
      "orig_address": "205 State St., Route 202, Belchertown, MA 01007",
      "county": "Hampshire County",
      "state": "MA",
      "address": "205 State St.",
      "unit": "Route 202"
    },
    "description": "This court serves Amherst, Belchertown, Granby, Hadley, Pelham, South Hadley, Ware , M.D.C. Quabbin Reservoir, and the Watershed Area."
  },
  {
    "fax": "",
    "court_code": "35",
    "name": "Edgartown District Court",
    "phone": "",
    "has_po_box": false,
    "location": {
      "latitude": 41.390365,
      "longitude": -70.514702
    },
    "address": {
      "city": "Edgartown",
      "zip": "02539",
      "orig_address": "81 Main St., Edgartown, MA 02539",
      "county": "Dukes County",
      "state": "MA",
      "address": "81 Main St."
    },
    "description": "This court serves Edgartown, Oak Bluffs, Tisbury, West Tisbury, Chilmark, Aquinnah (formerly Gay Head), Gosnold, and Elizabeth Islands."
  },
  {
    "fax": "",
    "court_code": "32",
    "name": "Fall River District Court",
    "phone": "",
    "has_po_box": false,
    "location": {
      "latitude": 41.699454,
      "longitude": -71.15662
    },
    "address": {
      "city": "Fall River",
      "zip": "02720",
      "orig_address": "186 S. Main St., 5th Floor, Fall River, MA 02720",
      "county": "Bristol County",
      "state": "MA",
      "address": "186 S. Main St.",
      "unit": "5th Floor"
    },
    "description": "This court serves Fall River, Freetown, Somerset, Swansea, and Westport."
  },
  {
    "fax": "",
    "court_code": "89",
    "name": "Falmouth District Court",
    "phone": "(508) 495-1500",
    "has_po_box": false,
    "location": {
      "latitude": 41.561788,
      "longitude": -70.613781
    },
    "address": {
      "city": "Falmouth",
      "zip": "02540",
      "orig_address": "161 Jones Rd., Falmouth, MA 02540",
      "county": "Barnstable County",
      "state": "MA",
      "address": "161 Jones Rd."
    },
    "description": "This court serves Bourne, Falmouth, and Mashpee. "
  },
  {
    "fax": "(978) 342-2461",
    "court_code": "16",
    "name": "Fitchburg District Court",
    "phone": "(978) 345-2111",
    "has_po_box": false,
    "location": {
      "latitude": 42.584589,
      "longitude": -71.801701
    },
    "address": {
      "city": "Fitchburg",
      "zip": "01420",
      "orig_address": "100 Elm St., Fitchburg, MA 01420",
      "county": "Worcester County",
      "state": "MA",
      "address": "100 Elm St."
    },
    "description": "This court serves Fitchburg and Lunenburg."
  },
  {
    "fax": "",
    "court_code": "49",
    "name": "Framingham District Court",
    "phone": "(508) 875-7461",
    "has_po_box": false,
    "location": {
      "latitude": 42.293395,
      "longitude": -71.409619
    },
    "address": {
      "city": "Framingham",
      "zip": "01701",
      "orig_address": "600 Concord St., PO Box 1969, Framingham, MA 01701",
      "county": "Middlesex County",
      "state": "MA",
      "address": "600 Concord St., PO Box 1969"
    },
    "description": "This court serves Ashland, Framingham, Holliston, Hopkinton, Sudbury, and Wayland."
  },
  {
    "fax": "(978) 630-3902",
    "court_code": "63",
    "name": "Gardner District Court",
    "phone": "(978) 632-2373",
    "has_po_box": false,
    "location": {
      "latitude": 42.589381,
      "longitude": -71.981943
    },
    "address": {
      "city": "Gardner",
      "zip": "01440",
      "orig_address": "108 Matthews St., Gardner, MA 01440",
      "county": "Worcester County",
      "state": "MA",
      "address": "108 Matthews St."
    },
    "description": "This court serves Gardner, Hubbardston, Petersham, and Westminster."
  },
  {
    "fax": "(978) 283-8784",
    "court_code": "39",
    "name": "Gloucester District Court",
    "phone": "(978) 283-2620",
    "has_po_box": false,
    "location": {
      "latitude": 42.612796,
      "longitude": -70.660932
    },
    "address": {
      "city": "Gloucester",
      "zip": "01930",
      "orig_address": "197 Main St., Gloucester, MA 01930",
      "county": "Essex County",
      "state": "MA",
      "address": "197 Main St."
    },
    "description": "This court serves Essex, Gloucester, and Rockport."
  },
  {
    "fax": "(413) 774-5328",
    "court_code": "41",
    "name": "Greenfield District Court",
    "phone": "(413) 774-5533",
    "has_po_box": false,
    "location": {
      "latitude": 42.586242,
      "longitude": -72.59881
    },
    "address": {
      "city": "Greenfield",
      "zip": "01301",
      "orig_address": "43 Hope St., Greenfield, MA 01301",
      "county": "Franklin County",
      "state": "MA",
      "address": "43 Hope St."
    },
    "description": "This court serves Ashfield, Bernardston, Buckland, Charlemont, Colrain, Conway, Deerfield, Gill, Greenfield, Hawley, Heath, Leyden, Monroe, Montague, Northfield, Rowe, Shelburne, Sunderland, and Whately."
  },
  {
    "fax": "",
    "court_code": "38",
    "name": "Haverhill District Court",
    "phone": "(978) 521-7300",
    "has_po_box": false,
    "location": {
      "latitude": 42.775832,
      "longitude": -71.072056
    },
    "address": {
      "city": "Haverhill",
      "zip": "01831",
      "orig_address": "45 Ginty Boulevard, Haverhill, MA 01831",
      "county": "Essex County",
      "state": "MA",
      "address": "45 Ginty Boulevard"
    },
    "description": "The Haverhill District Court in Haverhill serves Boxford, Bradford, Georgetown, Groveland and Haverhill."
  },
  {
    "fax": "(781) 740-8390",
    "court_code": "58",
    "name": "Hingham District Court",
    "phone": "(781) 749-7000",
    "has_po_box": false,
    "location": {
      "latitude": 42.255677,
      "longitude": -70.8642
    },
    "address": {
      "city": "Hingham",
      "zip": "02043",
      "orig_address": "28 George Washington Blvd., Hingham, MA 02043",
      "county": "Plymouth County",
      "state": "MA",
      "address": "28 George Washington Blvd."
    },
    "description": "This court serves Hanover, Hingham, Hull, Norwell, Rockland, and Scituate."
  },
  {
    "fax": "(413) 533-7165",
    "court_code": "17",
    "name": "Holyoke District Court",
    "phone": "(413) 538-9710",
    "has_po_box": false,
    "location": {
      "latitude": 42.205833,
      "longitude": -72.607494
    },
    "address": {
      "city": "Holyoke",
      "zip": "01040",
      "orig_address": "20 Court Plaza, Holyoke, MA 01040",
      "county": "Hampden County",
      "state": "MA",
      "address": "20 Court Plaza"
    },
    "description": "This court serves Holyoke."
  },
  {
    "fax": "(978) 462-5641",
    "court_code": "40",
    "name": "Ipswich District Court",
    "phone": "(978) 462-2652",
    "has_po_box": false,
    "location": {
      "latitude": 42.800114,
      "longitude": -70.875346
    },
    "address": {
      "city": "Newburyport",
      "zip": "01950",
      "orig_address": "188 State St., Newburyport, MA 01950",
      "county": "Essex County",
      "state": "MA",
      "address": "188 State St."
    },
    "description": "The Ipswich District Court sits in Newburyport and serves Ipswich, Hamilton, Wenham, and Topsfield."
  },
  {
    "fax": "",
    "court_code": "18",
    "name": "Lawrence District Court",
    "phone": "(978) 687-7184",
    "has_po_box": false,
    "location": {
      "latitude": 42.706667,
      "longitude": -71.160436
    },
    "address": {
      "city": "Lawrence",
      "zip": "01840",
      "orig_address": "Fenton Judicial Center, 2 Appleton St., Lawrence, MA 01840",
      "county": "Essex County",
      "state": "MA",
      "address": "2 Appleton St.",
      "unit": "Fenton Judicial Center"
    },
    "description": "This court serves Andover, Lawrence, Methuen, and North Andover."
  },
  {
    "fax": "(978) 537-3970",
    "court_code": "61",
    "name": "Leominster District Court",
    "phone": "(978) 537-3722",
    "has_po_box": false,
    "location": {
      "latitude": 42.527921,
      "longitude": -71.761283
    },
    "address": {
      "city": "Leominster",
      "zip": "01453",
      "orig_address": "25 School St., Leominster, MA 01453",
      "county": "Worcester County",
      "state": "MA",
      "address": "25 School St."
    },
    "description": "This court serves Holden, Princeton, and Leominster."
  },
  {
    "fax": "(978) 937-2486",
    "court_code": "11",
    "name": "Lowell District Court",
    "phone": "(978) 459-4101",
    "has_po_box": false,
    "location": {
      "latitude": 42.642691,
      "longitude": -71.307535
    },
    "address": {
      "city": "Lowell",
      "zip": "01852",
      "orig_address": "41 Hurd St., Lowell, MA 01852",
      "county": "Middlesex County",
      "state": "MA",
      "address": "41 Hurd St."
    },
    "description": "This court serves Billerica, Chelmsford, Dracut, Lowell, Tewksbury, and Tyngsboro."
  },
  {
    "fax": "(781) 598-4350",
    "court_code": "13",
    "name": "Lynn District Court",
    "phone": "(781) 598-5200",
    "has_po_box": false,
    "location": {
      "latitude": 42.465239,
      "longitude": -70.949849
    },
    "address": {
      "city": "Lynn",
      "zip": "01901",
      "orig_address": "580 Essex St., Lynn, MA 01901",
      "county": "Essex County",
      "state": "MA",
      "address": "580 Essex St."
    },
    "description": "This court serves Lynn, Marblehead, Nahant, Saugus, and Swampscott."
  },
  {
    "fax": "(781) 322-0169",
    "court_code": "50",
    "name": "Malden District Court",
    "phone": "(781) 322-7500",
    "has_po_box": false,
    "location": {
      "latitude": 42.429973,
      "longitude": -71.073865
    },
    "address": {
      "city": "Malden",
      "zip": "02148",
      "orig_address": "89 Summer St., Malden, MA 02148",
      "county": "Middlesex County",
      "state": "MA",
      "address": "89 Summer St."
    },
    "description": "This court serves Malden, Melrose, Everett, and Wakefield."
  },
  {
    "fax": "(508) 485-1575",
    "court_code": "21",
    "name": "Marlborough District Court",
    "phone": "(508) 485-3700",
    "has_po_box": false,
    "location": {
      "latitude": 42.338688,
      "longitude": -71.563861
    },
    "address": {
      "city": "Marlborough",
      "zip": "01752",
      "orig_address": "45 Williams St., Marlborough, MA 01752",
      "county": "Middlesex County",
      "state": "MA",
      "address": "45 Williams St."
    },
    "description": "This court serves Marlborough and Hudson."
  },
  {
    "fax": "(508) 634-8477",
    "court_code": "66",
    "name": "Milford District Court",
    "phone": "(508) 473-1260",
    "has_po_box": false,
    "location": {
      "latitude": 42.140685,
      "longitude": -71.538166
    },
    "address": {
      "city": "Milford",
      "zip": "01757",
      "orig_address": "161 West St., Milford, MA 01757",
      "county": "Worcester County",
      "state": "MA",
      "address": "161 West St."
    },
    "description": "This court serves Mendon, Upton, Hopedale, Milford, and Bellingham."
  },
  {
    "fax": "(508) 325-5759",
    "court_code": "88",
    "name": "Nantucket District Court",
    "phone": "(508) 228-0460",
    "has_po_box": false,
    "location": {
      "latitude": 41.285066,
      "longitude": -70.099046
    },
    "address": {
      "city": "Nantucket",
      "zip": "02554",
      "orig_address": "16 Broad St., Nantucket, MA 02554",
      "county": "Nantucket County",
      "state": "MA",
      "address": "16 Broad St."
    },
    "description": "This court serves Nantucket County."
  },
  {
    "fax": "(508) 990-8094 ",
    "court_code": "33",
    "name": "New Bedford District Court",
    "phone": "(508) 999-9700",
    "has_po_box": false,
    "location": {
      "latitude": 41.637226,
      "longitude": -70.928678
    },
    "address": {
      "city": "New Bedford",
      "zip": "02740",
      "orig_address": "75 N. Sixth St., New Bedford, MA 02740",
      "county": "Bristol County",
      "state": "MA",
      "address": "75 N. Sixth St."
    },
    "description": "This court serves Acushnet, Dartmouth, Fairhaven, Freetown, New Bedford, and Westport."
  },
  {
    "fax": "(978) 465-6471",
    "court_code": "22",
    "name": "Newburyport District Court",
    "phone": "(978) 462-2652",
    "has_po_box": false,
    "location": {
      "latitude": 42.800114,
      "longitude": -70.875346
    },
    "address": {
      "city": "Newburyport",
      "zip": "01950",
      "orig_address": "188 State St., Newburyport, MA 01950",
      "county": "Essex County",
      "state": "MA",
      "address": "188 State St."
    },
    "description": "This court serves Amesbury, Merrimac, Newbury, Newburyport, Rowley, Salisbury, and West Newbury.\r\n\r\n"
  },
  {
    "fax": "(617) 243-7291",
    "court_code": "12",
    "name": "Newton District Court",
    "phone": "(617) 244-3600",
    "has_po_box": false,
    "location": {
      "latitude": 42.3493,
      "longitude": -71.227032
    },
    "address": {
      "city": "West Newton",
      "zip": "02465",
      "orig_address": "1309 Washington St., West Newton, MA 02465",
      "county": "Middlesex County",
      "state": "MA",
      "address": "1309 Washington St."
    },
    "description": "This court serves Newton."
  },
  {
    "fax": "(413) 586-1980",
    "court_code": "45",
    "name": "Northampton District Court",
    "phone": "(413) 584-7400",
    "has_po_box": false,
    "location": {
      "latitude": 42.319802,
      "longitude": -72.63122
    },
    "address": {
      "city": "Northampton",
      "zip": "01060",
      "orig_address": "15 Gothic St., Northampton, MA 01060",
      "county": "Hampshire County",
      "state": "MA",
      "address": "15 Gothic St."
    },
    "description": "This court serves Chesterfield, Cummington, Easthampton, Goshen, Hatfield, Huntington, Middlefield, Northampton, Plainfield, Southampton, Westhampton, Williamsburg, and Worthington."
  },
  {
    "fax": "(413) 664-7209",
    "court_code": "28",
    "name": "Northern Berkshire District Court",
    "phone": "(413) 663-5339",
    "has_po_box": false,
    "location": {
      "latitude": 42.702671,
      "longitude": -73.111663
    },
    "address": {
      "city": "North Adams",
      "zip": "01247",
      "orig_address": "111 Holden St., North Adams, MA 01247",
      "county": "Berkshire County",
      "state": "MA",
      "address": "111 Holden St."
    },
    "description": "The Northern Berkshire District Court in North Adams serves Adams, Cheshire, Clarksburg, Florida, Hancock, New Ashford, North Adams, Savoy, Williamstown, and Windsor. Note: Pittsfield Division Exercising Concurrent Jurisdiction in Windsor and Hancock"
  },
  {
    "fax": "(978) 544-5204",
    "court_code": "42",
    "name": "Orange District Court",
    "phone": "(978) 544-8277",
    "has_po_box": false,
    "location": {
      "latitude": 42.595961,
      "longitude": -72.332109
    },
    "address": {
      "city": "Orange",
      "zip": "01364",
      "orig_address": "1 Court Square, Orange, MA 01364",
      "county": "Franklin County",
      "state": "MA",
      "address": "1 Court Square"
    },
    "description": "This court serves Athol, Erving, Leverett, New Salem, Orange, Shutesbury, Warwick, and Wendell."
  },
  {
    "fax": "(508) 240-1150",
    "court_code": "26",
    "name": "Orleans District Court",
    "phone": "(508) 255-4700",
    "has_po_box": false,
    "location": {
      "latitude": 41.798984,
      "longitude": -69.988434
    },
    "address": {
      "city": "Orleans",
      "zip": "02653",
      "orig_address": "237 Rock Harbor Road, Orleans, MA 02653",
      "county": "Barnstable County",
      "state": "MA",
      "address": "237 Rock Harbor Road"
    },
    "description": "This court serves Brewster, Chatham, Dennis, Eastham, Orleans, Harwich, Truro, Wellfleet, and Provincetown."
  },
  {
    "fax": "(413) 283-6775",
    "court_code": "43",
    "name": "Palmer District Court",
    "phone": "(413) 283-8916",
    "has_po_box": false,
    "location": {
      "latitude": 42.187918,
      "longitude": -72.347416
    },
    "address": {
      "city": "Palmer",
      "zip": "01069",
      "orig_address": "235 Sykes St., Suite 3, Palmer, MA 01069",
      "county": "Hampden County",
      "state": "MA",
      "address": "235 Sykes St.",
      "unit": "Suite 3"
    },
    "description": "This court serves Brimfield, East Longmeadow, Hampden, Holland, Ludlow, Monson, Palmer, Wales, and Wilbraham."
  },
  {
    "fax": "(978) 531-8524",
    "court_code": "86",
    "name": "Peabody District Court",
    "phone": "(978) 532-3100",
    "has_po_box": false,
    "location": {
      "latitude": 42.526578,
      "longitude": -70.927627
    },
    "address": {
      "city": "Peabody",
      "zip": "01960",
      "orig_address": "1 Lowell St., Peabody, MA 01960",
      "county": "Essex County",
      "state": "MA",
      "address": "1 Lowell St."
    },
    "description": "This court serves Lynnfield and Peabody."
  },
  {
    "fax": "(413) 499-7327",
    "court_code": "27",
    "name": "Pittsfield District Court",
    "phone": "(413) 499-0558",
    "has_po_box": true,
    "location": {
      "latitude": 42.447258,
      "longitude": -73.25267
    },
    "address": {
      "city": "Pittsfield",
      "zip": "01202",
      "orig_address": "24 Wendell Ave., P.O. Box 875, Pittsfield, MA 01202",
      "county": "Berkshire County",
      "state": "MA",
      "address": "24 Wendell Ave., P.O. Box 875"
    },
    "description": "This court serves Becket, Dalton, Hancock, Hinsdale, Lanesborough, Lenox, Peru, Pittsfield, Richmond, Washington, and Windsor."
  },
  {
    "fax": "(508) 830-9303",
    "court_code": "59",
    "name": "Plymouth District Court",
    "phone": "(508) 747-8400",
    "has_po_box": false,
    "location": {
      "latitude": 41.939928,
      "longitude": -70.649762
    },
    "address": {
      "city": "Plymouth",
      "zip": "02360",
      "orig_address": "52 Obery St., Plymouth, MA 02360",
      "county": "Plymouth County",
      "state": "MA",
      "address": "52 Obery St."
    },
    "description": "This court serves Duxbury, Halifax, Hanson, Kingston, Marshfield, Pembroke, Plymouth, and Plympton."
  },
  {
    "fax": "(617) 472-1924",
    "court_code": "56",
    "name": "Quincy District Court",
    "phone": "(617) 471-1650",
    "has_po_box": false,
    "location": {
      "latitude": 42.249601,
      "longitude": -70.999763
    },
    "address": {
      "city": "Quincy",
      "zip": "02169",
      "orig_address": "1 Dennis Ryan Parkway, Quincy, MA 02169",
      "county": "Norfolk County",
      "state": "MA",
      "address": "1 Dennis Ryan Parkway"
    },
    "description": "This court serves Braintree, Cohasset, Holbrook, Milton, Quincy, Randolph, and Weymouth."
  },
  {
    "fax": "",
    "court_code": "36",
    "name": "Salem District Court",
    "phone": "(978) 744-1167",
    "has_po_box": false,
    "location": {
      "latitude": 42.523382,
      "longitude": -70.896639
    },
    "address": {
      "city": "Salem",
      "zip": "01970",
      "orig_address": "56 Federal St., Salem, MA 01970",
      "county": "Essex County",
      "state": "MA",
      "address": "56 Federal St."
    },
    "description": "This court serves Beverly, Danvers, Manchester by the Sea, Middleton, and Salem."
  },
  {
    "fax": "(617) 776-2111",
    "court_code": "10",
    "name": "Somerville District Court",
    "phone": "(617) 666-8000",
    "has_po_box": false,
    "location": {
      "latitude": 42.395463,
      "longitude": -71.08442
    },
    "address": {
      "city": "Somerville",
      "zip": "02145",
      "orig_address": "175 Fellsway, Somerville, MA 02145",
      "county": "Middlesex County",
      "state": "MA",
      "address": "175 Fellsway"
    },
    "description": "This court serves Medford and Somerville. "
  },
  {
    "fax": "(413) 528-0757",
    "court_code": "29",
    "name": "Southern Berkshire District Court",
    "phone": "(413) 528-3520",
    "has_po_box": false,
    "location": {
      "latitude": 42.200481,
      "longitude": -73.353653
    },
    "address": {
      "city": "Great Barrington",
      "zip": "01230",
      "orig_address": "9 Gilmore Ave., Great Barrington, MA 01230",
      "county": "Berkshire County",
      "state": "MA",
      "address": "9 Gilmore Ave."
    },
    "description": "The Southern Berkshire District Court in Great Barrington serves Alford, Becket, Egremont, Great Barrington, Lee, Lenox, Monterey, Mt. Washington, New Marlborough, Otis, Sandisfield, Sheffield, Stockbridge, Tyringham, and West Stockbridge. Pittsfield District Court exercises concurrent jurisdiction in Becket and Lenox."
  },
  {
    "fax": "",
    "court_code": "23",
    "name": "Springfield District Court",
    "phone": "(413) 748-8600",
    "has_po_box": true,
    "location": {
      "latitude": 42.09974,
      "longitude": -72.589233
    },
    "address": {
      "city": "Springfield",
      "zip": "01102",
      "orig_address": "50 State St., P.O. Box 2421, Springfield, MA 01102",
      "county": "Hampden County",
      "state": "MA",
      "address": "50 State St., P.O. Box 2421"
    },
    "description": "This court serves Longmeadow, Springfield, and West Springfield. The courthouse is officially named the Roderick J. Ireland Courthouse. "
  },
  {
    "fax": "(781) 341-8744",
    "court_code": "55",
    "name": "Stoughton District Court",
    "phone": "(781) 344-2131",
    "has_po_box": false,
    "location": {
      "latitude": 42.13315,
      "longitude": -71.111394
    },
    "address": {
      "city": "Stoughton",
      "zip": "02072",
      "orig_address": "1288 Central St., Stoughton, MA 02072",
      "county": "Norfolk County",
      "state": "MA",
      "address": "1288 Central St."
    },
    "description": "This court serves Avon, Canton, Sharon and Stoughton."
  },
  {
    "fax": "(508) 824-2282",
    "court_code": "31",
    "name": "Taunton District Court",
    "phone": "(508) 977-6000",
    "has_po_box": false,
    "location": {
      "latitude": 41.903226,
      "longitude": -71.094154
    },
    "address": {
      "city": "Taunton",
      "zip": "02780",
      "orig_address": "40 Broadway, Taunton, MA 02780",
      "county": "Bristol County",
      "state": "MA",
      "address": "40 Broadway"
    },
    "description": "This court serves Berkley, Dighton, Easton, Raynham, Rehoboth, Seekonk, and Taunton."
  },
  {
    "fax": "(508) 278-2929",
    "court_code": "65",
    "name": "Uxbridge District Court",
    "phone": "(508) 278-2454",
    "has_po_box": false,
    "location": {
      "latitude": 42.063291,
      "longitude": -71.623049
    },
    "address": {
      "city": "Uxbridge",
      "zip": "01569",
      "orig_address": "261 South Main Street, Uxbridge, MA 01569",
      "county": "Worcester County",
      "state": "MA",
      "address": "261 South Main Street"
    },
    "description": "This court serves Blackstone, Douglas, Millville, Northbridge, Sutton and Uxbridge."
  },
  {
    "fax": "",
    "court_code": "51",
    "name": "Waltham District Court",
    "phone": "(781) 894-4500",
    "has_po_box": false,
    "location": {
      "latitude": 42.378726,
      "longitude": -71.22451
    },
    "address": {
      "city": "Waltham",
      "zip": "02452",
      "orig_address": "38 Linden Street, Waltham, MA 02452",
      "county": "Middlesex County",
      "state": "MA",
      "address": "38 Linden Street"
    },
    "description": "This court serves Waltham, Watertown and Weston. "
  },
  {
    "fax": "(508) 291-6376",
    "court_code": "60",
    "name": "Wareham District Court",
    "phone": "(508) 295-8300",
    "has_po_box": false,
    "location": {
      "latitude": 41.801576,
      "longitude": -70.771997
    },
    "address": {
      "city": "Wareham",
      "zip": "02576",
      "orig_address": "2200 Cranberry Highway, Wareham, MA 02576",
      "county": "Plymouth County",
      "state": "MA",
      "address": "2200 Cranberry Highway"
    },
    "description": "This court serves Carver, Lakeville, Marion, Mattapoisett, Middleboro, Rochester and Wareham."
  },
  {
    "fax": "(508) 366-8268",
    "court_code": "67",
    "name": "Westborough District Court",
    "phone": "(508) 366-8266",
    "has_po_box": false,
    "location": {
      "latitude": 42.285919,
      "longitude": -71.628423
    },
    "address": {
      "city": "Westborough",
      "zip": "01581",
      "orig_address": "186 Oak Street, Westborough, MA 01581",
      "county": "Worcester County",
      "state": "MA",
      "address": "186 Oak Street"
    },
    "description": "This court serves Grafton, Northborough, Shrewsbury, Southborough and Westborough."
  },
  {
    "fax": "(413) 568-4863",
    "court_code": "44",
    "name": "Westfield District Court",
    "phone": "(413) 568-8946",
    "has_po_box": false,
    "location": {
      "latitude": 42.125281,
      "longitude": -72.748275
    },
    "address": {
      "city": "Westfield",
      "zip": "01085",
      "orig_address": "224 Elm Street, Westfield, MA 01085",
      "county": "Hampden County",
      "state": "MA",
      "address": "224 Elm Street"
    },
    "description": "This court serves Agawam, Blandford, Chester, Granville, Montgomery, Russell, Southwick, Tolland and Westfield."
  },
  {
    "fax": "(978) 632-3580",
    "court_code": "70",
    "name": "Winchendon District Court",
    "phone": "(978) 632-6326",
    "has_po_box": false,
    "location": {
      "latitude": 42.589381,
      "longitude": -71.981943
    },
    "address": {
      "city": "Gardner District Court, Gardner",
      "zip": "01440",
      "orig_address": "108 Matthews Street, Gardner District Court, Gardner, MA 01440",
      "county": "Worcester County",
      "state": "MA",
      "address": "108 Matthews Street"
    },
    "description": "The Winchendon District Court sits in Gardner and serves Ashburnham, Phillipston, Royalston, Templeton and Winchendon."
  },
  {
    "fax": "(781) 933-4404",
    "court_code": "53",
    "name": "Woburn District Court",
    "phone": "(781) 935-4000",
    "has_po_box": false,
    "location": {
      "latitude": 42.478934,
      "longitude": -71.153276
    },
    "address": {
      "city": "Woburn",
      "zip": "01801",
      "orig_address": "30 Pleasant Street, Woburn, MA 01801",
      "county": "Middlesex County",
      "state": "MA",
      "address": "30 Pleasant Street"
    },
    "description": "This court serves  Burlington, North Reading, Reading, Stoneham, Wilmington, Winchester, and Woburn."
  },
  {
    "fax": "",
    "court_code": "62",
    "name": "Worcester District Court",
    "phone": "(508) 831-2010",
    "has_po_box": false,
    "location": {
      "latitude": 42.26744,
      "longitude": -71.799856
    },
    "address": {
      "city": "Worcester",
      "zip": "01608",
      "orig_address": "225 Main St., Worcester, MA 01608",
      "county": "Worcester County",
      "state": "MA",
      "address": "225 Main St."
    },
    "description": "The Worcester District Court serves Auburn, Millbury, and Worcester. "
  },
  {
    "fax": "",
    "court_code": "57",
    "name": "Wrentham District Court",
    "phone": "(508) 384-3106",
    "has_po_box": false,
    "location": {
      "latitude": 42.065131,
      "longitude": -71.325283
    },
    "address": {
      "city": "Wrentham",
      "zip": "02093",
      "orig_address": "60 East St., Wrentham, MA 02093",
      "county": "Norfolk County",
      "state": "MA",
      "address": "60 East St."
    },
    "description": "This court serves Foxborough, Franklin, Medway, Millis, Norfolk, Plainville, Walpole, and Wrentham."
  }
]