[
  {
    "fax": "(508) 362-3662",
    "court_code": "P72",
    "name": "Barnstable Probate and Family Court",
    "phone": "(508) 375-6710",
    "has_po_box": true,
    "location": {
      "latitude": 41.700346,
      "longitude": -70.304021
    },
    "address": {
      "city": "Barnstable",
      "zip": "02630",
      "orig_address": "3195 Main St. , P.O. Box 346, Barnstable, MA 02630",
      "county": "Barnstable County",
      "state": "MA",
      "address": "3195 Main St. P.O. Box 346"
    },
    "description": "This court serves all cities and towns in Barnstable County."
  },
  {
    "fax": "(413) 443-3430",
    "court_code": "P76",
    "name": "Berkshire Probate and Family Court",
    "phone": "(413) 442-6941",
    "has_po_box": false,
    "location": {
      "latitude": 42.447603,
      "longitude": -73.253089
    },
    "address": {
      "city": "Pittsfield",
      "zip": "01201",
      "orig_address": "44 Bank Row, Pittsfield, MA 01201",
      "county": "Berkshire County",
      "state": "MA",
      "address": "44 Bank Row"
    },
    "description": "This location serves all cities and towns of Berkshire County."
  },
  {
    "fax": "",
    "court_code": "P73",
    "name": "Bristol Probate and Family Court",
    "phone": "(508) 977-6040",
    "has_po_box": false,
    "location": {
      "latitude": 41.903226,
      "longitude": -71.094154
    },
    "address": {
      "city": "Taunton",
      "zip": "02780",
      "orig_address": "40 Broadway, Suite 240, Taunton, MA 02780",
      "county": "Bristol County",
      "state": "MA",
      "address": "40 Broadway",
      "unit": "Suite 240"
    },
    "description": "The Bristol Probate and Family Court in Taunton serves all the cities and towns in Bristol County. "
  },
  {
    "fax": "(508) 584-4142",
    "court_code": "P83",
    "name": "Brockton Probate and Family Court",
    "phone": "(508) 897-5400",
    "has_po_box": false,
    "location": {
      "latitude": 42.081684,
      "longitude": -71.020647
    },
    "address": {
      "city": "Brockton",
      "zip": "02303",
      "orig_address": "215 Main St., Brockton, MA 02303",
      "county": "Plymouth County",
      "state": "MA",
      "address": "215 Main St."
    },
    "description": "This court serves Abington, Bridgewater, Brockton, Carver, Duxbury, East Bridgewater, Halifax, Hanover, Hanson, Hingham, Hull, Kingston, Lakeville, Marion, Marshfield, Mattapoisett, Middleboro, Norwell, Pembroke , Plymouth, Plympton, Rochester, Rockland, Scituate, Wareham, West Bridgewater, and Whitman."
  },
  {
    "fax": "(508) 627-7664",
    "court_code": "P74",
    "name": "Dukes Probate and Family Court",
    "phone": "(508) 627-4703",
    "has_po_box": true,
    "location": {
      "latitude": 41.390365,
      "longitude": -70.514702
    },
    "address": {
      "city": "Edgartown",
      "zip": "02539",
      "orig_address": "81 Main St., P.O. Box 237, Edgartown, MA 02539",
      "county": "Dukes County",
      "state": "MA",
      "address": "81 Main St., P.O. Box 237"
    },
    "description": "This court serves all the towns of Dukes County."
  },
  {
    "fax": "",
    "court_code": "P77",
    "name": "Essex Probate and Family Court",
    "phone": "(978) 744-1020",
    "has_po_box": false,
    "location": {
      "latitude": 42.523402,
      "longitude": -70.897237
    },
    "address": {
      "city": "Salem",
      "zip": "01970",
      "orig_address": "36 Federal St., Salem, MA 01970",
      "county": "Essex County",
      "state": "MA",
      "address": "36 Federal St."
    },
    "description": "This court serves all cities and towns in Essex County. "
  },
  {
    "fax": "",
    "court_code": "P77",
    "name": "Lawrence Probate and Family Court",
    "phone": "(978) 686-9692",
    "has_po_box": false,
    "location": {
      "latitude": 42.7066798,
      "longitude": -71.1625435
    },
    "address": {
      "city": "Lawrence",
      "zip": "01840",
      "orig_address": "2 Appleton St., Lawrence, MA 01840 ",
      "county": "Essex County",
      "state": "MA",
      "address": "2 Appleton St."
    },
    "description": "This court serves all cities and towns in Essex County. "
  },
  
  {
    "fax": "(413) 774-3829",
    "court_code": "P78",
    "name": "Franklin Probate and Family Court",
    "phone": "(413) 774-7011",
    "has_po_box": false,
    "location": {
      "latitude": 42.586242,
      "longitude": -72.59881
    },
    "address": {
      "city": "Greenfield",
      "zip": "01302",
      "orig_address": "43 Hope St., PO Box 590, Greenfield, MA 01302",
      "county": "Franklin County",
      "state": "MA",
      "address": "43 Hope St., PO Box 590"
    },
    "description": "This court serves all cities and towns in Franklin County."
  },
  {
    "fax": "(413) 781-5605",
    "court_code": "P79",
    "name": "Hampden Probate and Family Court",
    "phone": "(413) 748-7760",
    "has_po_box": true,
    "location": {
      "latitude": 42.09974,
      "longitude": -72.589233
    },
    "address": {
      "city": "Springfield",
      "zip": "01102",
      "orig_address": "50 State St., P.O. Box 559, Springfield, MA 01102",
      "county": "Hampden County",
      "state": "MA",
      "address": "50 State St., P.O. Box 559"
    },
    "description": "This court serves the cities and towns of Hampden County."
  },
  {
    "fax": "(413) 584-1132",
    "court_code": "P80",
    "name": "Hampshire Probate and Family Court",
    "phone": "(413) 586-8500",
    "has_po_box": false,
    "location": {
      "latitude": 42.320483,
      "longitude": -72.630179
    },
    "address": {
      "city": "Northampton",
      "zip": "01060",
      "orig_address": "33 King St., Suite 3, Northampton, MA 01060",
      "county": "Hampshire County",
      "state": "MA",
      "address": "33 King St.",
      "unit": "Suite 3"
    },
    "description": "This court serves all the cities and towns in Hampshire County."
  },
  {
    "fax": "(781) 528-2318",
    "court_code": "P81",
    "name": "Middlesex Probate and Family Court - South",
    "phone": "(781) 865-4000",
    "has_po_box": false,
    "location": {
      "latitude": 42.5071816,
      "longitude": -71.1373164
    },
    "address": {
      "city": "Woburn", 
      "zip": "01801",
      "orig_address": "10-U Commerce Way, Woburn, MA 01801",
      "county": "Middlesex County",
      "state": "MA",
      "address": "10-U Commerce Way"
    },
    "description": "This court serves cities and towns in Southern Middlesex County."
  },
    {
    "fax": "(978) 619-1014",
    "court_code": "P81",
    "name": "Middlesex Probate and Family Court - North",
    "phone": "(978) 656-7700",
    "has_po_box": false,
    "location": {
      "latitude": 42.6402928,
      "longitude": -71.3173562
    },
    "address": {
      "city": "Lowell", 
      "zip": "01852",
      "orig_address": "370 Jackson Street, 5th floor, Lowell, MA 01852",
      "county": "Middlesex County",
      "state": "MA",
      "address": "370 Jackson Street, 5th floor"
    },
    "description": "This court serves all cities and towns in Northern Middlesex County."
  },
  {
    "fax": "(508) 228-3662",
    "court_code": "P75",
    "name": "Nantucket Probate and Family Court",
    "phone": "(508) 228-2669",
    "has_po_box": false,
    "location": {
      "latitude": 41.28529,
      "longitude": -70.09978
    },
    "address": {
      "city": "Nantucket",
      "zip": "02554",
      "orig_address": "19 Broad St., Nantucket, MA 02554",
      "county": "Nantucket County",
      "state": "MA",
      "address": "19 Broad St."
    },
    "description": "This court serves Nantucket county."
  },
  {
    "fax": "(781) 830-4310",
    "court_code": "P82",
    "name": "Norfolk Probate and Family Court",
    "phone": "(781) 830-1200",
    "has_po_box": false,
    "location": {
      "latitude": 42.189325,
      "longitude": -71.152664
    },
    "address": {
      "city": "Canton",
      "zip": "02021",
      "orig_address": "35 Shawmut Road, Canton, MA 02021",
      "county": "Norfolk County",
      "state": "MA",
      "address": "35 Shawmut Road"
    },
    "description": "This court serves all cities and towns in Norfolk County."
  },
  {
    "fax": "(508) 746-6846",
    "court_code": "P83",
    "name": "Plymouth Probate and Family Court",
    "phone": "(508) 747-6204",
    "has_po_box": false,
    "location": {
      "latitude": 41.939928,
      "longitude": -70.649762
    },
    "address": {
      "city": "Plymouth",
      "zip": "02360",
      "orig_address": "52 Obery St., Plymouth, MA 02360",
      "county": "Plymouth County",
      "state": "MA",
      "address": "52 Obery St."
    },
    "description": "This court serves all cities and towns in Plymouth County."
  },
  {
    "fax": "(617) 788-8962",
    "court_code": "P84",
    "name": "Suffolk Probate and Family Court",
    "phone": "(617) 788-8301",
    "has_po_box": false,
    "location": {
      "latitude": 42.362961,
      "longitude": -71.061542
    },
    "address": {
      "city": "Boston",
      "zip": "02114",
      "orig_address": "24 New Chardon St., Boston , MA 02114",
      "county": "Suffolk County",
      "state": "MA",
      "address": "24 New Chardon St."
    },
    "description": "This court serves Boston, Brighton, Charlestown, Chelsea, Dorchester, East Boston, Hyde Park, Jamaica Plain, Revere, Roslindale, South Boston, and Winthrop."
  },
  {
    "fax": "(508) 752-6138",
    "court_code": "P85",
    "name": "Worcester Probate and Family Court",
    "phone": "(508) 831-2200",
    "has_po_box": false,
    "location": {
      "latitude": 42.26744,
      "longitude": -71.799856
    },
    "address": {
      "city": "Worcester",
      "zip": "01608",
      "orig_address": "225 Main Street , Worcester, MA 01608",
      "county": "Worcester County",
      "state": "MA",
      "address": "225 Main Street"
    },
    "description": "This court serves all cities and towns in Worcester County."
  }
]
